{"cameraMode":{"drawMode":0,"name":"Shaded","section":"Shading Mode"},"sceneLighting":false,"audioPlay":false,"sceneViewState":{"m_AlwaysRefresh":false,"showFog":true,"showSkybox":false,"showFlares":true,"showImageEffects":true,"showParticleSystems":true,"showVisualEffectGraphs":true,"m_FxEnabled":true},"in2DMode":false,"pivot":{"x":-2.0863773822784426,"y":0.5060197710990906,"z":-0.7880511283874512},"rotation":{"x":0.6712141633033752,"y":0.043278202414512637,"z":-0.03931090235710144,"w":0.7389542460441589},"size":1.5175813436508179,"orthographic":false}